,0,1
0,PC0,mugridge
1,PC1,paper
2,PC2,castle
3,PC3,receipt
4,PC4,salad
5,PC5,design
6,PC6,fare
7,PC7,groupon
8,PC8,boring
9,PC9,premium
10,PC10,karaoke
11,PC11,infant
12,PC12,compare
13,PC13,thing
14,PC14,scale
15,PC15,angle
16,PC16,move
17,PC17,homeless
18,PC18,liking
19,PC19,miss
20,PC20,youll
21,PC21,occasion
22,PC22,addition
23,PC23,cava
24,PC24,westin
25,PC25,whatever
26,PC26,decline
27,PC27,priority
28,PC28,surveillance
29,PC29,nourishment
30,PC30,mind
31,PC31,link
32,PC32,hesitation
33,PC33,mit
34,PC34,less
35,PC35,vew
36,PC36,smile
37,PC37,joining
38,PC38,pointe
39,PC39,motivator
40,PC40,counting
41,PC41,sandbar
42,PC42,felt
43,PC43,hence
44,PC44,enough
45,PC45,auditor
46,PC46,fiveminute
47,PC47,pace
48,PC48,marking
49,PC49,staying
50,PC50,sugar
51,PC51,well
52,PC52,counter
53,PC53,planner
54,PC54,rest
55,PC55,appear
56,PC56,iÌ‡stanbul
57,PC57,foremost
58,PC58,sugar
59,PC59,cheek
60,PC60,definite
61,PC61,mecca
62,PC62,catering
63,PC63,let
64,PC64,sheer
65,PC65,patrol
66,PC66,point
67,PC67,source
68,PC68,disclosure
69,PC69,know
70,PC70,freebie
71,PC71,please
72,PC72,cunard
73,PC73,padding
74,PC74,drinksfood
75,PC75,found
76,PC76,midtown
77,PC77,gamble
78,PC78,most
79,PC79,had
80,PC80,top
81,PC81,park
82,PC82,indhira
83,PC83,do
84,PC84,presidential
85,PC85,prospect
86,PC86,launching
87,PC87,spectacular
88,PC88,clean
89,PC89,about
90,PC90,massachusetts
91,PC91,bound
92,PC92,once
93,PC93,water
